--
-- PostgreSQL database dump
--

-- Dumped from database version 14.17 (Ubuntu 14.17-0ubuntu0.22.04.1)
-- Dumped by pg_dump version 14.17 (Ubuntu 14.17-0ubuntu0.22.04.1)

SET statement_timeout = 0;
SET lock_timeout = 0;
SET idle_in_transaction_session_timeout = 0;
SET client_encoding = 'UTF8';
SET standard_conforming_strings = on;
SELECT pg_catalog.set_config('search_path', '', false);
SET check_function_bodies = false;
SET xmloption = content;
SET client_min_messages = warning;
SET row_security = off;

SET default_tablespace = '';

SET default_table_access_method = heap;

--
-- Name: auth_group; Type: TABLE; Schema: public; Owner: hotel_admin
--

CREATE TABLE public.auth_group (
    id integer NOT NULL,
    name character varying(150) NOT NULL
);


ALTER TABLE public.auth_group OWNER TO hotel_admin;

--
-- Name: auth_group_id_seq; Type: SEQUENCE; Schema: public; Owner: hotel_admin
--

ALTER TABLE public.auth_group ALTER COLUMN id ADD GENERATED BY DEFAULT AS IDENTITY (
    SEQUENCE NAME public.auth_group_id_seq
    START WITH 1
    INCREMENT BY 1
    NO MINVALUE
    NO MAXVALUE
    CACHE 1
);


--
-- Name: auth_group_permissions; Type: TABLE; Schema: public; Owner: hotel_admin
--

CREATE TABLE public.auth_group_permissions (
    id bigint NOT NULL,
    group_id integer NOT NULL,
    permission_id integer NOT NULL
);


ALTER TABLE public.auth_group_permissions OWNER TO hotel_admin;

--
-- Name: auth_group_permissions_id_seq; Type: SEQUENCE; Schema: public; Owner: hotel_admin
--

ALTER TABLE public.auth_group_permissions ALTER COLUMN id ADD GENERATED BY DEFAULT AS IDENTITY (
    SEQUENCE NAME public.auth_group_permissions_id_seq
    START WITH 1
    INCREMENT BY 1
    NO MINVALUE
    NO MAXVALUE
    CACHE 1
);


--
-- Name: auth_permission; Type: TABLE; Schema: public; Owner: hotel_admin
--

CREATE TABLE public.auth_permission (
    id integer NOT NULL,
    name character varying(255) NOT NULL,
    content_type_id integer NOT NULL,
    codename character varying(100) NOT NULL
);


ALTER TABLE public.auth_permission OWNER TO hotel_admin;

--
-- Name: auth_permission_id_seq; Type: SEQUENCE; Schema: public; Owner: hotel_admin
--

ALTER TABLE public.auth_permission ALTER COLUMN id ADD GENERATED BY DEFAULT AS IDENTITY (
    SEQUENCE NAME public.auth_permission_id_seq
    START WITH 1
    INCREMENT BY 1
    NO MINVALUE
    NO MAXVALUE
    CACHE 1
);


--
-- Name: bills_bill; Type: TABLE; Schema: public; Owner: hotel_admin
--

CREATE TABLE public.bills_bill (
    id bigint NOT NULL,
    total_amount numeric(12,2) NOT NULL,
    tax_applied boolean NOT NULL,
    tax_amount numeric(10,2) NOT NULL,
    final_amount numeric(12,2) NOT NULL,
    created_at timestamp with time zone NOT NULL,
    payment_completed boolean NOT NULL,
    customer_id bigint NOT NULL,
    room_id bigint,
    user_id bigint NOT NULL
);


ALTER TABLE public.bills_bill OWNER TO hotel_admin;

--
-- Name: bills_bill_food_items; Type: TABLE; Schema: public; Owner: hotel_admin
--

CREATE TABLE public.bills_bill_food_items (
    id bigint NOT NULL,
    bill_id bigint NOT NULL,
    menuitem_id bigint NOT NULL
);


ALTER TABLE public.bills_bill_food_items OWNER TO hotel_admin;

--
-- Name: bills_bill_food_items_id_seq; Type: SEQUENCE; Schema: public; Owner: hotel_admin
--

ALTER TABLE public.bills_bill_food_items ALTER COLUMN id ADD GENERATED BY DEFAULT AS IDENTITY (
    SEQUENCE NAME public.bills_bill_food_items_id_seq
    START WITH 1
    INCREMENT BY 1
    NO MINVALUE
    NO MAXVALUE
    CACHE 1
);


--
-- Name: bills_bill_id_seq; Type: SEQUENCE; Schema: public; Owner: hotel_admin
--

ALTER TABLE public.bills_bill ALTER COLUMN id ADD GENERATED BY DEFAULT AS IDENTITY (
    SEQUENCE NAME public.bills_bill_id_seq
    START WITH 1
    INCREMENT BY 1
    NO MINVALUE
    NO MAXVALUE
    CACHE 1
);


--
-- Name: bills_customer; Type: TABLE; Schema: public; Owner: hotel_admin
--

CREATE TABLE public.bills_customer (
    id bigint NOT NULL,
    name character varying(100) NOT NULL,
    phone_number character varying(15),
    email character varying(254)
);


ALTER TABLE public.bills_customer OWNER TO hotel_admin;

--
-- Name: bills_customer_id_seq; Type: SEQUENCE; Schema: public; Owner: hotel_admin
--

ALTER TABLE public.bills_customer ALTER COLUMN id ADD GENERATED BY DEFAULT AS IDENTITY (
    SEQUENCE NAME public.bills_customer_id_seq
    START WITH 1
    INCREMENT BY 1
    NO MINVALUE
    NO MAXVALUE
    CACHE 1
);


--
-- Name: core_customuser; Type: TABLE; Schema: public; Owner: hotel_admin
--

CREATE TABLE public.core_customuser (
    id bigint NOT NULL,
    password character varying(128) NOT NULL,
    last_login timestamp with time zone,
    is_superuser boolean NOT NULL,
    username character varying(150) NOT NULL,
    first_name character varying(150) NOT NULL,
    last_name character varying(150) NOT NULL,
    email character varying(254) NOT NULL,
    is_staff boolean NOT NULL,
    is_active boolean NOT NULL,
    date_joined timestamp with time zone NOT NULL,
    role character varying(20) NOT NULL
);


ALTER TABLE public.core_customuser OWNER TO hotel_admin;

--
-- Name: core_customuser_groups; Type: TABLE; Schema: public; Owner: hotel_admin
--

CREATE TABLE public.core_customuser_groups (
    id bigint NOT NULL,
    customuser_id bigint NOT NULL,
    group_id integer NOT NULL
);


ALTER TABLE public.core_customuser_groups OWNER TO hotel_admin;

--
-- Name: core_customuser_groups_id_seq; Type: SEQUENCE; Schema: public; Owner: hotel_admin
--

ALTER TABLE public.core_customuser_groups ALTER COLUMN id ADD GENERATED BY DEFAULT AS IDENTITY (
    SEQUENCE NAME public.core_customuser_groups_id_seq
    START WITH 1
    INCREMENT BY 1
    NO MINVALUE
    NO MAXVALUE
    CACHE 1
);


--
-- Name: core_customuser_id_seq; Type: SEQUENCE; Schema: public; Owner: hotel_admin
--

ALTER TABLE public.core_customuser ALTER COLUMN id ADD GENERATED BY DEFAULT AS IDENTITY (
    SEQUENCE NAME public.core_customuser_id_seq
    START WITH 1
    INCREMENT BY 1
    NO MINVALUE
    NO MAXVALUE
    CACHE 1
);


--
-- Name: core_customuser_user_permissions; Type: TABLE; Schema: public; Owner: hotel_admin
--

CREATE TABLE public.core_customuser_user_permissions (
    id bigint NOT NULL,
    customuser_id bigint NOT NULL,
    permission_id integer NOT NULL
);


ALTER TABLE public.core_customuser_user_permissions OWNER TO hotel_admin;

--
-- Name: core_customuser_user_permissions_id_seq; Type: SEQUENCE; Schema: public; Owner: hotel_admin
--

ALTER TABLE public.core_customuser_user_permissions ALTER COLUMN id ADD GENERATED BY DEFAULT AS IDENTITY (
    SEQUENCE NAME public.core_customuser_user_permissions_id_seq
    START WITH 1
    INCREMENT BY 1
    NO MINVALUE
    NO MAXVALUE
    CACHE 1
);


--
-- Name: django_admin_log; Type: TABLE; Schema: public; Owner: hotel_admin
--

CREATE TABLE public.django_admin_log (
    id integer NOT NULL,
    action_time timestamp with time zone NOT NULL,
    object_id text,
    object_repr character varying(200) NOT NULL,
    action_flag smallint NOT NULL,
    change_message text NOT NULL,
    content_type_id integer,
    user_id bigint NOT NULL,
    CONSTRAINT django_admin_log_action_flag_check CHECK ((action_flag >= 0))
);


ALTER TABLE public.django_admin_log OWNER TO hotel_admin;

--
-- Name: django_admin_log_id_seq; Type: SEQUENCE; Schema: public; Owner: hotel_admin
--

ALTER TABLE public.django_admin_log ALTER COLUMN id ADD GENERATED BY DEFAULT AS IDENTITY (
    SEQUENCE NAME public.django_admin_log_id_seq
    START WITH 1
    INCREMENT BY 1
    NO MINVALUE
    NO MAXVALUE
    CACHE 1
);


--
-- Name: django_content_type; Type: TABLE; Schema: public; Owner: hotel_admin
--

CREATE TABLE public.django_content_type (
    id integer NOT NULL,
    app_label character varying(100) NOT NULL,
    model character varying(100) NOT NULL
);


ALTER TABLE public.django_content_type OWNER TO hotel_admin;

--
-- Name: django_content_type_id_seq; Type: SEQUENCE; Schema: public; Owner: hotel_admin
--

ALTER TABLE public.django_content_type ALTER COLUMN id ADD GENERATED BY DEFAULT AS IDENTITY (
    SEQUENCE NAME public.django_content_type_id_seq
    START WITH 1
    INCREMENT BY 1
    NO MINVALUE
    NO MAXVALUE
    CACHE 1
);


--
-- Name: django_migrations; Type: TABLE; Schema: public; Owner: hotel_admin
--

CREATE TABLE public.django_migrations (
    id bigint NOT NULL,
    app character varying(255) NOT NULL,
    name character varying(255) NOT NULL,
    applied timestamp with time zone NOT NULL
);


ALTER TABLE public.django_migrations OWNER TO hotel_admin;

--
-- Name: django_migrations_id_seq; Type: SEQUENCE; Schema: public; Owner: hotel_admin
--

ALTER TABLE public.django_migrations ALTER COLUMN id ADD GENERATED BY DEFAULT AS IDENTITY (
    SEQUENCE NAME public.django_migrations_id_seq
    START WITH 1
    INCREMENT BY 1
    NO MINVALUE
    NO MAXVALUE
    CACHE 1
);


--
-- Name: django_session; Type: TABLE; Schema: public; Owner: hotel_admin
--

CREATE TABLE public.django_session (
    session_key character varying(40) NOT NULL,
    session_data text NOT NULL,
    expire_date timestamp with time zone NOT NULL
);


ALTER TABLE public.django_session OWNER TO hotel_admin;

--
-- Name: menu_menucategory; Type: TABLE; Schema: public; Owner: hotel_admin
--

CREATE TABLE public.menu_menucategory (
    id bigint NOT NULL,
    name character varying(255) NOT NULL
);


ALTER TABLE public.menu_menucategory OWNER TO hotel_admin;

--
-- Name: menu_menucategory_id_seq; Type: SEQUENCE; Schema: public; Owner: hotel_admin
--

ALTER TABLE public.menu_menucategory ALTER COLUMN id ADD GENERATED BY DEFAULT AS IDENTITY (
    SEQUENCE NAME public.menu_menucategory_id_seq
    START WITH 1
    INCREMENT BY 1
    NO MINVALUE
    NO MAXVALUE
    CACHE 1
);


--
-- Name: menu_menuitem; Type: TABLE; Schema: public; Owner: hotel_admin
--

CREATE TABLE public.menu_menuitem (
    id bigint NOT NULL,
    name character varying(255) NOT NULL,
    description text,
    price numeric(10,2) NOT NULL,
    available boolean NOT NULL,
    image character varying(100),
    created_at timestamp with time zone NOT NULL,
    updated_at timestamp with time zone NOT NULL,
    category_id bigint
);


ALTER TABLE public.menu_menuitem OWNER TO hotel_admin;

--
-- Name: menu_menuitem_id_seq; Type: SEQUENCE; Schema: public; Owner: hotel_admin
--

ALTER TABLE public.menu_menuitem ALTER COLUMN id ADD GENERATED BY DEFAULT AS IDENTITY (
    SEQUENCE NAME public.menu_menuitem_id_seq
    START WITH 1
    INCREMENT BY 1
    NO MINVALUE
    NO MAXVALUE
    CACHE 1
);


--
-- Name: notifications_notificationrecipient; Type: TABLE; Schema: public; Owner: hotel_admin
--

CREATE TABLE public.notifications_notificationrecipient (
    id bigint NOT NULL,
    name character varying(100) NOT NULL,
    phone_number character varying(15),
    email character varying(254),
    upi_id character varying(50),
    is_active boolean NOT NULL
);


ALTER TABLE public.notifications_notificationrecipient OWNER TO hotel_admin;

--
-- Name: notifications_notificationrecipient_id_seq; Type: SEQUENCE; Schema: public; Owner: hotel_admin
--

ALTER TABLE public.notifications_notificationrecipient ALTER COLUMN id ADD GENERATED BY DEFAULT AS IDENTITY (
    SEQUENCE NAME public.notifications_notificationrecipient_id_seq
    START WITH 1
    INCREMENT BY 1
    NO MINVALUE
    NO MAXVALUE
    CACHE 1
);


--
-- Name: rooms_room; Type: TABLE; Schema: public; Owner: hotel_admin
--

CREATE TABLE public.rooms_room (
    id bigint NOT NULL,
    type character varying(100) NOT NULL,
    price_per_day numeric(10,2) NOT NULL,
    price_per_hour numeric(10,2) NOT NULL,
    description text,
    created_at timestamp with time zone NOT NULL
);


ALTER TABLE public.rooms_room OWNER TO hotel_admin;

--
-- Name: rooms_room_id_seq; Type: SEQUENCE; Schema: public; Owner: hotel_admin
--

ALTER TABLE public.rooms_room ALTER COLUMN id ADD GENERATED BY DEFAULT AS IDENTITY (
    SEQUENCE NAME public.rooms_room_id_seq
    START WITH 1
    INCREMENT BY 1
    NO MINVALUE
    NO MAXVALUE
    CACHE 1
);


--
-- Name: users_customuser; Type: TABLE; Schema: public; Owner: hotel_admin
--

CREATE TABLE public.users_customuser (
    id bigint NOT NULL,
    password character varying(128) NOT NULL,
    last_login timestamp with time zone,
    is_superuser boolean NOT NULL,
    is_staff boolean NOT NULL,
    is_active boolean NOT NULL,
    email character varying(254) NOT NULL,
    role character varying(10) NOT NULL
);


ALTER TABLE public.users_customuser OWNER TO hotel_admin;

--
-- Name: users_customuser_groups; Type: TABLE; Schema: public; Owner: hotel_admin
--

CREATE TABLE public.users_customuser_groups (
    id bigint NOT NULL,
    customuser_id bigint NOT NULL,
    group_id integer NOT NULL
);


ALTER TABLE public.users_customuser_groups OWNER TO hotel_admin;

--
-- Name: users_customuser_groups_id_seq; Type: SEQUENCE; Schema: public; Owner: hotel_admin
--

ALTER TABLE public.users_customuser_groups ALTER COLUMN id ADD GENERATED BY DEFAULT AS IDENTITY (
    SEQUENCE NAME public.users_customuser_groups_id_seq
    START WITH 1
    INCREMENT BY 1
    NO MINVALUE
    NO MAXVALUE
    CACHE 1
);


--
-- Name: users_customuser_id_seq; Type: SEQUENCE; Schema: public; Owner: hotel_admin
--

ALTER TABLE public.users_customuser ALTER COLUMN id ADD GENERATED BY DEFAULT AS IDENTITY (
    SEQUENCE NAME public.users_customuser_id_seq
    START WITH 1
    INCREMENT BY 1
    NO MINVALUE
    NO MAXVALUE
    CACHE 1
);


--
-- Name: users_customuser_user_permissions; Type: TABLE; Schema: public; Owner: hotel_admin
--

CREATE TABLE public.users_customuser_user_permissions (
    id bigint NOT NULL,
    customuser_id bigint NOT NULL,
    permission_id integer NOT NULL
);


ALTER TABLE public.users_customuser_user_permissions OWNER TO hotel_admin;

--
-- Name: users_customuser_user_permissions_id_seq; Type: SEQUENCE; Schema: public; Owner: hotel_admin
--

ALTER TABLE public.users_customuser_user_permissions ALTER COLUMN id ADD GENERATED BY DEFAULT AS IDENTITY (
    SEQUENCE NAME public.users_customuser_user_permissions_id_seq
    START WITH 1
    INCREMENT BY 1
    NO MINVALUE
    NO MAXVALUE
    CACHE 1
);


--
-- Data for Name: auth_group; Type: TABLE DATA; Schema: public; Owner: hotel_admin
--

COPY public.auth_group (id, name) FROM stdin;
\.


--
-- Data for Name: auth_group_permissions; Type: TABLE DATA; Schema: public; Owner: hotel_admin
--

COPY public.auth_group_permissions (id, group_id, permission_id) FROM stdin;
\.


--
-- Data for Name: auth_permission; Type: TABLE DATA; Schema: public; Owner: hotel_admin
--

COPY public.auth_permission (id, name, content_type_id, codename) FROM stdin;
1	Can add log entry	1	add_logentry
2	Can change log entry	1	change_logentry
3	Can delete log entry	1	delete_logentry
4	Can view log entry	1	view_logentry
5	Can add permission	2	add_permission
6	Can change permission	2	change_permission
7	Can delete permission	2	delete_permission
8	Can view permission	2	view_permission
9	Can add group	3	add_group
10	Can change group	3	change_group
11	Can delete group	3	delete_group
12	Can view group	3	view_group
13	Can add content type	4	add_contenttype
14	Can change content type	4	change_contenttype
15	Can delete content type	4	delete_contenttype
16	Can view content type	4	view_contenttype
17	Can add user	5	add_customuser
18	Can change user	5	change_customuser
19	Can delete user	5	delete_customuser
20	Can view user	5	view_customuser
21	Can add menu item	6	add_menuitem
22	Can change menu item	6	change_menuitem
23	Can delete menu item	6	delete_menuitem
24	Can view menu item	6	view_menuitem
25	Can add room	7	add_room
26	Can change room	7	change_room
27	Can delete room	7	delete_room
28	Can view room	7	view_room
29	Can add menu category	8	add_menucategory
30	Can change menu category	8	change_menucategory
31	Can delete menu category	8	delete_menucategory
32	Can view menu category	8	view_menucategory
33	Can add bill	9	add_bill
34	Can change bill	9	change_bill
35	Can delete bill	9	delete_bill
36	Can view bill	9	view_bill
37	Can add bill item	10	add_billitem
38	Can change bill item	10	change_billitem
39	Can delete bill item	10	delete_billitem
40	Can view bill item	10	view_billitem
41	Can add session	11	add_session
42	Can change session	11	change_session
43	Can delete session	11	delete_session
44	Can view session	11	view_session
45	Can add room service	12	add_roomservice
46	Can change room service	12	change_roomservice
47	Can delete room service	12	delete_roomservice
48	Can view room service	12	view_roomservice
49	Can add notification recipient	13	add_notificationrecipient
50	Can change notification recipient	13	change_notificationrecipient
51	Can delete notification recipient	13	delete_notificationrecipient
52	Can view notification recipient	13	view_notificationrecipient
\.


--
-- Data for Name: bills_bill; Type: TABLE DATA; Schema: public; Owner: hotel_admin
--

COPY public.bills_bill (id, total_amount, tax_applied, tax_amount, final_amount, created_at, payment_completed, customer_id, room_id, user_id) FROM stdin;
\.


--
-- Data for Name: bills_bill_food_items; Type: TABLE DATA; Schema: public; Owner: hotel_admin
--

COPY public.bills_bill_food_items (id, bill_id, menuitem_id) FROM stdin;
\.


--
-- Data for Name: bills_customer; Type: TABLE DATA; Schema: public; Owner: hotel_admin
--

COPY public.bills_customer (id, name, phone_number, email) FROM stdin;
\.


--
-- Data for Name: core_customuser; Type: TABLE DATA; Schema: public; Owner: hotel_admin
--

COPY public.core_customuser (id, password, last_login, is_superuser, username, first_name, last_name, email, is_staff, is_active, date_joined, role) FROM stdin;
1	pbkdf2_sha256$600000$FJemxRpDtmsXGDceuXSZLj$qVI8IPIYi+MbukKf3iP+FX/0vre1h2jb85F6mQFGn+g=	\N	t	ujjaval			ujjavalkag90@gmail.com	t	t	2025-05-06 15:44:09.516794+00	employee
\.


--
-- Data for Name: core_customuser_groups; Type: TABLE DATA; Schema: public; Owner: hotel_admin
--

COPY public.core_customuser_groups (id, customuser_id, group_id) FROM stdin;
\.


--
-- Data for Name: core_customuser_user_permissions; Type: TABLE DATA; Schema: public; Owner: hotel_admin
--

COPY public.core_customuser_user_permissions (id, customuser_id, permission_id) FROM stdin;
\.


--
-- Data for Name: django_admin_log; Type: TABLE DATA; Schema: public; Owner: hotel_admin
--

COPY public.django_admin_log (id, action_time, object_id, object_repr, action_flag, change_message, content_type_id, user_id) FROM stdin;
\.


--
-- Data for Name: django_content_type; Type: TABLE DATA; Schema: public; Owner: hotel_admin
--

COPY public.django_content_type (id, app_label, model) FROM stdin;
1	admin	logentry
2	auth	permission
3	auth	group
4	contenttypes	contenttype
5	users	customuser
6	menu	menuitem
7	rooms	room
8	menu	menucategory
9	bills	bill
10	bills	billitem
11	sessions	session
12	rooms	roomservice
13	notifications	notificationrecipient
\.


--
-- Data for Name: django_migrations; Type: TABLE DATA; Schema: public; Owner: hotel_admin
--

COPY public.django_migrations (id, app, name, applied) FROM stdin;
1	contenttypes	0001_initial	2025-05-11 06:56:32.961561+00
2	contenttypes	0002_remove_content_type_name	2025-05-11 06:56:32.96914+00
3	auth	0001_initial	2025-05-11 06:56:33.031232+00
4	auth	0002_alter_permission_name_max_length	2025-05-11 06:56:33.03711+00
5	auth	0003_alter_user_email_max_length	2025-05-11 06:56:33.043233+00
6	auth	0004_alter_user_username_opts	2025-05-11 06:56:33.049117+00
7	auth	0005_alter_user_last_login_null	2025-05-11 06:56:33.055035+00
8	auth	0006_require_contenttypes_0002	2025-05-11 06:56:33.057815+00
9	auth	0007_alter_validators_add_error_messages	2025-05-11 06:56:33.063871+00
10	auth	0008_alter_user_username_max_length	2025-05-11 06:56:33.071584+00
11	auth	0009_alter_user_last_name_max_length	2025-05-11 06:56:33.078035+00
12	auth	0010_alter_group_name_max_length	2025-05-11 06:56:33.08522+00
13	auth	0011_update_proxy_permissions	2025-05-11 06:56:33.091668+00
14	auth	0012_alter_user_first_name_max_length	2025-05-11 06:56:33.097707+00
15	users	0001_initial	2025-05-11 06:56:33.159028+00
16	admin	0001_initial	2025-05-11 06:56:33.191466+00
17	admin	0002_logentry_remove_auto_add	2025-05-11 06:56:33.200357+00
18	admin	0003_logentry_add_action_flag_choices	2025-05-11 06:56:33.210419+00
19	rooms	0001_initial	2025-05-11 06:56:33.215384+00
21	menu	0002_menucategory_rename_is_available_menuitem_available_and_more	2025-05-11 06:58:26.051229+00
22	menu	0003_remove_menuitem_available_and_more	2025-05-11 07:04:11.774381+00
23	menu	0004_menuitem_description_menuitem_is_available_and_more	2025-05-11 07:04:11.777567+00
24	menu	0005_menucategory_rename_is_available_menuitem_available_and_more	2025-05-11 07:04:11.779913+00
25	bills	0001_initial	2025-05-11 07:06:30.968951+00
26	bills	0002_billitem_remove_bill_customer_and_more	2025-05-11 07:06:30.971851+00
27	notifications	0001_initial	2025-05-11 07:09:07.861422+00
28	rooms	0002_roomservice_delete_room	2025-05-11 07:09:23.952821+00
29	sessions	0001_initial	2025-05-11 07:09:23.971719+00
30	bills	0002_initial	2025-05-17 06:24:23.491325+00
31	users	0002_alter_customuser_options_alter_customuser_managers_and_more	2025-05-17 06:31:28.197217+00
32	rooms	0002_room_delete_roomservice	2025-05-17 09:22:06.281723+00
33	menu	0001_initial	2025-05-19 15:44:08.878562+00
\.


--
-- Data for Name: django_session; Type: TABLE DATA; Schema: public; Owner: hotel_admin
--

COPY public.django_session (session_key, session_data, expire_date) FROM stdin;
\.


--
-- Data for Name: menu_menucategory; Type: TABLE DATA; Schema: public; Owner: hotel_admin
--

COPY public.menu_menucategory (id, name) FROM stdin;
1	Desert
2	Chinese
3	Main Course
\.


--
-- Data for Name: menu_menuitem; Type: TABLE DATA; Schema: public; Owner: hotel_admin
--

COPY public.menu_menuitem (id, name, description, price, available, image, created_at, updated_at, category_id) FROM stdin;
1	Rasmalai	\N	180.00	t		2025-05-19 15:46:05.383698+00	2025-05-19 15:48:42.832846+00	1
2	Fruit Custard	\N	190.00	t		2025-05-20 04:20:16.909947+00	2025-05-20 04:20:16.909963+00	1
3	Chilly Panner	\N	160.00	t		2025-05-20 04:20:37.055324+00	2025-05-20 04:20:37.055344+00	2
4	Kaju Curry	\N	210.00	t		2025-05-20 04:20:53.607044+00	2025-05-20 04:20:53.607061+00	3
\.


--
-- Data for Name: notifications_notificationrecipient; Type: TABLE DATA; Schema: public; Owner: hotel_admin
--

COPY public.notifications_notificationrecipient (id, name, phone_number, email, upi_id, is_active) FROM stdin;
\.


--
-- Data for Name: rooms_room; Type: TABLE DATA; Schema: public; Owner: hotel_admin
--

COPY public.rooms_room (id, type, price_per_day, price_per_hour, description, created_at) FROM stdin;
\.


--
-- Data for Name: users_customuser; Type: TABLE DATA; Schema: public; Owner: hotel_admin
--

COPY public.users_customuser (id, password, last_login, is_superuser, is_staff, is_active, email, role) FROM stdin;
2	pbkdf2_sha256$600000$2hfp1AVtAnjkaDu466dE6J$ExgjDp4lKAnFG8RNdkRHHcjD6UxJCgbDtY5gx3QcZps=	\N	f	f	t	admin@hotel.com	admin
3	pbkdf2_sha256$600000$ArHNTus8pgcZBPNXrk2e5J$k8zwi82mRYXr95fsZkeeDdyzldv6zOwrt0ZL4rJUtfY=	\N	f	f	t	staff@hotel.com	staff
4	pbkdf2_sha256$600000$EaBVSd6YUHOx3yzAKkYamG$f6G/9sIvbf7N38l8dLPrtaDjGwWR+F7C8jzAOMFyGpg=	\N	f	f	t	ujwalkag99@gmail.com	staff
\.


--
-- Data for Name: users_customuser_groups; Type: TABLE DATA; Schema: public; Owner: hotel_admin
--

COPY public.users_customuser_groups (id, customuser_id, group_id) FROM stdin;
\.


--
-- Data for Name: users_customuser_user_permissions; Type: TABLE DATA; Schema: public; Owner: hotel_admin
--

COPY public.users_customuser_user_permissions (id, customuser_id, permission_id) FROM stdin;
\.


--
-- Name: auth_group_id_seq; Type: SEQUENCE SET; Schema: public; Owner: hotel_admin
--

SELECT pg_catalog.setval('public.auth_group_id_seq', 1, false);


--
-- Name: auth_group_permissions_id_seq; Type: SEQUENCE SET; Schema: public; Owner: hotel_admin
--

SELECT pg_catalog.setval('public.auth_group_permissions_id_seq', 1, false);


--
-- Name: auth_permission_id_seq; Type: SEQUENCE SET; Schema: public; Owner: hotel_admin
--

SELECT pg_catalog.setval('public.auth_permission_id_seq', 52, true);


--
-- Name: bills_bill_food_items_id_seq; Type: SEQUENCE SET; Schema: public; Owner: hotel_admin
--

SELECT pg_catalog.setval('public.bills_bill_food_items_id_seq', 1, false);


--
-- Name: bills_bill_id_seq; Type: SEQUENCE SET; Schema: public; Owner: hotel_admin
--

SELECT pg_catalog.setval('public.bills_bill_id_seq', 1, false);


--
-- Name: bills_customer_id_seq; Type: SEQUENCE SET; Schema: public; Owner: hotel_admin
--

SELECT pg_catalog.setval('public.bills_customer_id_seq', 1, false);


--
-- Name: core_customuser_groups_id_seq; Type: SEQUENCE SET; Schema: public; Owner: hotel_admin
--

SELECT pg_catalog.setval('public.core_customuser_groups_id_seq', 1, false);


--
-- Name: core_customuser_id_seq; Type: SEQUENCE SET; Schema: public; Owner: hotel_admin
--

SELECT pg_catalog.setval('public.core_customuser_id_seq', 1, true);


--
-- Name: core_customuser_user_permissions_id_seq; Type: SEQUENCE SET; Schema: public; Owner: hotel_admin
--

SELECT pg_catalog.setval('public.core_customuser_user_permissions_id_seq', 1, false);


--
-- Name: django_admin_log_id_seq; Type: SEQUENCE SET; Schema: public; Owner: hotel_admin
--

SELECT pg_catalog.setval('public.django_admin_log_id_seq', 1, false);


--
-- Name: django_content_type_id_seq; Type: SEQUENCE SET; Schema: public; Owner: hotel_admin
--

SELECT pg_catalog.setval('public.django_content_type_id_seq', 13, true);


--
-- Name: django_migrations_id_seq; Type: SEQUENCE SET; Schema: public; Owner: hotel_admin
--

SELECT pg_catalog.setval('public.django_migrations_id_seq', 33, true);


--
-- Name: menu_menucategory_id_seq; Type: SEQUENCE SET; Schema: public; Owner: hotel_admin
--

SELECT pg_catalog.setval('public.menu_menucategory_id_seq', 3, true);


--
-- Name: menu_menuitem_id_seq; Type: SEQUENCE SET; Schema: public; Owner: hotel_admin
--

SELECT pg_catalog.setval('public.menu_menuitem_id_seq', 4, true);


--
-- Name: notifications_notificationrecipient_id_seq; Type: SEQUENCE SET; Schema: public; Owner: hotel_admin
--

SELECT pg_catalog.setval('public.notifications_notificationrecipient_id_seq', 1, false);


--
-- Name: rooms_room_id_seq; Type: SEQUENCE SET; Schema: public; Owner: hotel_admin
--

SELECT pg_catalog.setval('public.rooms_room_id_seq', 1, false);


--
-- Name: users_customuser_groups_id_seq; Type: SEQUENCE SET; Schema: public; Owner: hotel_admin
--

SELECT pg_catalog.setval('public.users_customuser_groups_id_seq', 1, false);


--
-- Name: users_customuser_id_seq; Type: SEQUENCE SET; Schema: public; Owner: hotel_admin
--

SELECT pg_catalog.setval('public.users_customuser_id_seq', 4, true);


--
-- Name: users_customuser_user_permissions_id_seq; Type: SEQUENCE SET; Schema: public; Owner: hotel_admin
--

SELECT pg_catalog.setval('public.users_customuser_user_permissions_id_seq', 1, false);


--
-- Name: auth_group auth_group_name_key; Type: CONSTRAINT; Schema: public; Owner: hotel_admin
--

ALTER TABLE ONLY public.auth_group
    ADD CONSTRAINT auth_group_name_key UNIQUE (name);


--
-- Name: auth_group_permissions auth_group_permissions_group_id_permission_id_0cd325b0_uniq; Type: CONSTRAINT; Schema: public; Owner: hotel_admin
--

ALTER TABLE ONLY public.auth_group_permissions
    ADD CONSTRAINT auth_group_permissions_group_id_permission_id_0cd325b0_uniq UNIQUE (group_id, permission_id);


--
-- Name: auth_group_permissions auth_group_permissions_pkey; Type: CONSTRAINT; Schema: public; Owner: hotel_admin
--

ALTER TABLE ONLY public.auth_group_permissions
    ADD CONSTRAINT auth_group_permissions_pkey PRIMARY KEY (id);


--
-- Name: auth_group auth_group_pkey; Type: CONSTRAINT; Schema: public; Owner: hotel_admin
--

ALTER TABLE ONLY public.auth_group
    ADD CONSTRAINT auth_group_pkey PRIMARY KEY (id);


--
-- Name: auth_permission auth_permission_content_type_id_codename_01ab375a_uniq; Type: CONSTRAINT; Schema: public; Owner: hotel_admin
--

ALTER TABLE ONLY public.auth_permission
    ADD CONSTRAINT auth_permission_content_type_id_codename_01ab375a_uniq UNIQUE (content_type_id, codename);


--
-- Name: auth_permission auth_permission_pkey; Type: CONSTRAINT; Schema: public; Owner: hotel_admin
--

ALTER TABLE ONLY public.auth_permission
    ADD CONSTRAINT auth_permission_pkey PRIMARY KEY (id);


--
-- Name: bills_bill_food_items bills_bill_food_items_bill_id_menuitem_id_b3ca3c76_uniq; Type: CONSTRAINT; Schema: public; Owner: hotel_admin
--

ALTER TABLE ONLY public.bills_bill_food_items
    ADD CONSTRAINT bills_bill_food_items_bill_id_menuitem_id_b3ca3c76_uniq UNIQUE (bill_id, menuitem_id);


--
-- Name: bills_bill_food_items bills_bill_food_items_pkey; Type: CONSTRAINT; Schema: public; Owner: hotel_admin
--

ALTER TABLE ONLY public.bills_bill_food_items
    ADD CONSTRAINT bills_bill_food_items_pkey PRIMARY KEY (id);


--
-- Name: bills_bill bills_bill_pkey; Type: CONSTRAINT; Schema: public; Owner: hotel_admin
--

ALTER TABLE ONLY public.bills_bill
    ADD CONSTRAINT bills_bill_pkey PRIMARY KEY (id);


--
-- Name: bills_customer bills_customer_pkey; Type: CONSTRAINT; Schema: public; Owner: hotel_admin
--

ALTER TABLE ONLY public.bills_customer
    ADD CONSTRAINT bills_customer_pkey PRIMARY KEY (id);


--
-- Name: core_customuser_groups core_customuser_groups_customuser_id_group_id_7990e9c6_uniq; Type: CONSTRAINT; Schema: public; Owner: hotel_admin
--

ALTER TABLE ONLY public.core_customuser_groups
    ADD CONSTRAINT core_customuser_groups_customuser_id_group_id_7990e9c6_uniq UNIQUE (customuser_id, group_id);


--
-- Name: core_customuser_groups core_customuser_groups_pkey; Type: CONSTRAINT; Schema: public; Owner: hotel_admin
--

ALTER TABLE ONLY public.core_customuser_groups
    ADD CONSTRAINT core_customuser_groups_pkey PRIMARY KEY (id);


--
-- Name: core_customuser core_customuser_pkey; Type: CONSTRAINT; Schema: public; Owner: hotel_admin
--

ALTER TABLE ONLY public.core_customuser
    ADD CONSTRAINT core_customuser_pkey PRIMARY KEY (id);


--
-- Name: core_customuser_user_permissions core_customuser_user_per_customuser_id_permission_49ea742a_uniq; Type: CONSTRAINT; Schema: public; Owner: hotel_admin
--

ALTER TABLE ONLY public.core_customuser_user_permissions
    ADD CONSTRAINT core_customuser_user_per_customuser_id_permission_49ea742a_uniq UNIQUE (customuser_id, permission_id);


--
-- Name: core_customuser_user_permissions core_customuser_user_permissions_pkey; Type: CONSTRAINT; Schema: public; Owner: hotel_admin
--

ALTER TABLE ONLY public.core_customuser_user_permissions
    ADD CONSTRAINT core_customuser_user_permissions_pkey PRIMARY KEY (id);


--
-- Name: core_customuser core_customuser_username_key; Type: CONSTRAINT; Schema: public; Owner: hotel_admin
--

ALTER TABLE ONLY public.core_customuser
    ADD CONSTRAINT core_customuser_username_key UNIQUE (username);


--
-- Name: django_admin_log django_admin_log_pkey; Type: CONSTRAINT; Schema: public; Owner: hotel_admin
--

ALTER TABLE ONLY public.django_admin_log
    ADD CONSTRAINT django_admin_log_pkey PRIMARY KEY (id);


--
-- Name: django_content_type django_content_type_app_label_model_76bd3d3b_uniq; Type: CONSTRAINT; Schema: public; Owner: hotel_admin
--

ALTER TABLE ONLY public.django_content_type
    ADD CONSTRAINT django_content_type_app_label_model_76bd3d3b_uniq UNIQUE (app_label, model);


--
-- Name: django_content_type django_content_type_pkey; Type: CONSTRAINT; Schema: public; Owner: hotel_admin
--

ALTER TABLE ONLY public.django_content_type
    ADD CONSTRAINT django_content_type_pkey PRIMARY KEY (id);


--
-- Name: django_migrations django_migrations_pkey; Type: CONSTRAINT; Schema: public; Owner: hotel_admin
--

ALTER TABLE ONLY public.django_migrations
    ADD CONSTRAINT django_migrations_pkey PRIMARY KEY (id);


--
-- Name: django_session django_session_pkey; Type: CONSTRAINT; Schema: public; Owner: hotel_admin
--

ALTER TABLE ONLY public.django_session
    ADD CONSTRAINT django_session_pkey PRIMARY KEY (session_key);


--
-- Name: menu_menucategory menu_menucategory_pkey; Type: CONSTRAINT; Schema: public; Owner: hotel_admin
--

ALTER TABLE ONLY public.menu_menucategory
    ADD CONSTRAINT menu_menucategory_pkey PRIMARY KEY (id);


--
-- Name: menu_menuitem menu_menuitem_pkey; Type: CONSTRAINT; Schema: public; Owner: hotel_admin
--

ALTER TABLE ONLY public.menu_menuitem
    ADD CONSTRAINT menu_menuitem_pkey PRIMARY KEY (id);


--
-- Name: notifications_notificationrecipient notifications_notificationrecipient_pkey; Type: CONSTRAINT; Schema: public; Owner: hotel_admin
--

ALTER TABLE ONLY public.notifications_notificationrecipient
    ADD CONSTRAINT notifications_notificationrecipient_pkey PRIMARY KEY (id);


--
-- Name: rooms_room rooms_room_pkey; Type: CONSTRAINT; Schema: public; Owner: hotel_admin
--

ALTER TABLE ONLY public.rooms_room
    ADD CONSTRAINT rooms_room_pkey PRIMARY KEY (id);


--
-- Name: users_customuser users_customuser_email_key; Type: CONSTRAINT; Schema: public; Owner: hotel_admin
--

ALTER TABLE ONLY public.users_customuser
    ADD CONSTRAINT users_customuser_email_key UNIQUE (email);


--
-- Name: users_customuser_groups users_customuser_groups_customuser_id_group_id_76b619e3_uniq; Type: CONSTRAINT; Schema: public; Owner: hotel_admin
--

ALTER TABLE ONLY public.users_customuser_groups
    ADD CONSTRAINT users_customuser_groups_customuser_id_group_id_76b619e3_uniq UNIQUE (customuser_id, group_id);


--
-- Name: users_customuser_groups users_customuser_groups_pkey; Type: CONSTRAINT; Schema: public; Owner: hotel_admin
--

ALTER TABLE ONLY public.users_customuser_groups
    ADD CONSTRAINT users_customuser_groups_pkey PRIMARY KEY (id);


--
-- Name: users_customuser users_customuser_pkey; Type: CONSTRAINT; Schema: public; Owner: hotel_admin
--

ALTER TABLE ONLY public.users_customuser
    ADD CONSTRAINT users_customuser_pkey PRIMARY KEY (id);


--
-- Name: users_customuser_user_permissions users_customuser_user_pe_customuser_id_permission_7a7debf6_uniq; Type: CONSTRAINT; Schema: public; Owner: hotel_admin
--

ALTER TABLE ONLY public.users_customuser_user_permissions
    ADD CONSTRAINT users_customuser_user_pe_customuser_id_permission_7a7debf6_uniq UNIQUE (customuser_id, permission_id);


--
-- Name: users_customuser_user_permissions users_customuser_user_permissions_pkey; Type: CONSTRAINT; Schema: public; Owner: hotel_admin
--

ALTER TABLE ONLY public.users_customuser_user_permissions
    ADD CONSTRAINT users_customuser_user_permissions_pkey PRIMARY KEY (id);


--
-- Name: auth_group_name_a6ea08ec_like; Type: INDEX; Schema: public; Owner: hotel_admin
--

CREATE INDEX auth_group_name_a6ea08ec_like ON public.auth_group USING btree (name varchar_pattern_ops);


--
-- Name: auth_group_permissions_group_id_b120cbf9; Type: INDEX; Schema: public; Owner: hotel_admin
--

CREATE INDEX auth_group_permissions_group_id_b120cbf9 ON public.auth_group_permissions USING btree (group_id);


--
-- Name: auth_group_permissions_permission_id_84c5c92e; Type: INDEX; Schema: public; Owner: hotel_admin
--

CREATE INDEX auth_group_permissions_permission_id_84c5c92e ON public.auth_group_permissions USING btree (permission_id);


--
-- Name: auth_permission_content_type_id_2f476e4b; Type: INDEX; Schema: public; Owner: hotel_admin
--

CREATE INDEX auth_permission_content_type_id_2f476e4b ON public.auth_permission USING btree (content_type_id);


--
-- Name: bills_bill_customer_id_f06ca066; Type: INDEX; Schema: public; Owner: hotel_admin
--

CREATE INDEX bills_bill_customer_id_f06ca066 ON public.bills_bill USING btree (customer_id);


--
-- Name: bills_bill_food_items_bill_id_7eab9494; Type: INDEX; Schema: public; Owner: hotel_admin
--

CREATE INDEX bills_bill_food_items_bill_id_7eab9494 ON public.bills_bill_food_items USING btree (bill_id);


--
-- Name: bills_bill_food_items_menuitem_id_b42c7737; Type: INDEX; Schema: public; Owner: hotel_admin
--

CREATE INDEX bills_bill_food_items_menuitem_id_b42c7737 ON public.bills_bill_food_items USING btree (menuitem_id);


--
-- Name: bills_bill_room_id_695b24c3; Type: INDEX; Schema: public; Owner: hotel_admin
--

CREATE INDEX bills_bill_room_id_695b24c3 ON public.bills_bill USING btree (room_id);


--
-- Name: bills_bill_user_id_5657e1ab; Type: INDEX; Schema: public; Owner: hotel_admin
--

CREATE INDEX bills_bill_user_id_5657e1ab ON public.bills_bill USING btree (user_id);


--
-- Name: core_customuser_groups_customuser_id_976bc4d7; Type: INDEX; Schema: public; Owner: hotel_admin
--

CREATE INDEX core_customuser_groups_customuser_id_976bc4d7 ON public.core_customuser_groups USING btree (customuser_id);


--
-- Name: core_customuser_groups_group_id_301aeff4; Type: INDEX; Schema: public; Owner: hotel_admin
--

CREATE INDEX core_customuser_groups_group_id_301aeff4 ON public.core_customuser_groups USING btree (group_id);


--
-- Name: core_customuser_user_permissions_customuser_id_ebd2ce6c; Type: INDEX; Schema: public; Owner: hotel_admin
--

CREATE INDEX core_customuser_user_permissions_customuser_id_ebd2ce6c ON public.core_customuser_user_permissions USING btree (customuser_id);


--
-- Name: core_customuser_user_permissions_permission_id_80ceaab9; Type: INDEX; Schema: public; Owner: hotel_admin
--

CREATE INDEX core_customuser_user_permissions_permission_id_80ceaab9 ON public.core_customuser_user_permissions USING btree (permission_id);


--
-- Name: core_customuser_username_0e60666f_like; Type: INDEX; Schema: public; Owner: hotel_admin
--

CREATE INDEX core_customuser_username_0e60666f_like ON public.core_customuser USING btree (username varchar_pattern_ops);


--
-- Name: django_admin_log_content_type_id_c4bce8eb; Type: INDEX; Schema: public; Owner: hotel_admin
--

CREATE INDEX django_admin_log_content_type_id_c4bce8eb ON public.django_admin_log USING btree (content_type_id);


--
-- Name: django_admin_log_user_id_c564eba6; Type: INDEX; Schema: public; Owner: hotel_admin
--

CREATE INDEX django_admin_log_user_id_c564eba6 ON public.django_admin_log USING btree (user_id);


--
-- Name: django_session_expire_date_a5c62663; Type: INDEX; Schema: public; Owner: hotel_admin
--

CREATE INDEX django_session_expire_date_a5c62663 ON public.django_session USING btree (expire_date);


--
-- Name: django_session_session_key_c0390e0f_like; Type: INDEX; Schema: public; Owner: hotel_admin
--

CREATE INDEX django_session_session_key_c0390e0f_like ON public.django_session USING btree (session_key varchar_pattern_ops);


--
-- Name: menu_menuitem_category_id_af353a3b; Type: INDEX; Schema: public; Owner: hotel_admin
--

CREATE INDEX menu_menuitem_category_id_af353a3b ON public.menu_menuitem USING btree (category_id);


--
-- Name: users_customuser_email_6445acef_like; Type: INDEX; Schema: public; Owner: hotel_admin
--

CREATE INDEX users_customuser_email_6445acef_like ON public.users_customuser USING btree (email varchar_pattern_ops);


--
-- Name: users_customuser_groups_customuser_id_958147bf; Type: INDEX; Schema: public; Owner: hotel_admin
--

CREATE INDEX users_customuser_groups_customuser_id_958147bf ON public.users_customuser_groups USING btree (customuser_id);


--
-- Name: users_customuser_groups_group_id_01390b14; Type: INDEX; Schema: public; Owner: hotel_admin
--

CREATE INDEX users_customuser_groups_group_id_01390b14 ON public.users_customuser_groups USING btree (group_id);


--
-- Name: users_customuser_user_permissions_customuser_id_5771478b; Type: INDEX; Schema: public; Owner: hotel_admin
--

CREATE INDEX users_customuser_user_permissions_customuser_id_5771478b ON public.users_customuser_user_permissions USING btree (customuser_id);


--
-- Name: users_customuser_user_permissions_permission_id_baaa2f74; Type: INDEX; Schema: public; Owner: hotel_admin
--

CREATE INDEX users_customuser_user_permissions_permission_id_baaa2f74 ON public.users_customuser_user_permissions USING btree (permission_id);


--
-- Name: auth_group_permissions auth_group_permissio_permission_id_84c5c92e_fk_auth_perm; Type: FK CONSTRAINT; Schema: public; Owner: hotel_admin
--

ALTER TABLE ONLY public.auth_group_permissions
    ADD CONSTRAINT auth_group_permissio_permission_id_84c5c92e_fk_auth_perm FOREIGN KEY (permission_id) REFERENCES public.auth_permission(id) DEFERRABLE INITIALLY DEFERRED;


--
-- Name: auth_group_permissions auth_group_permissions_group_id_b120cbf9_fk_auth_group_id; Type: FK CONSTRAINT; Schema: public; Owner: hotel_admin
--

ALTER TABLE ONLY public.auth_group_permissions
    ADD CONSTRAINT auth_group_permissions_group_id_b120cbf9_fk_auth_group_id FOREIGN KEY (group_id) REFERENCES public.auth_group(id) DEFERRABLE INITIALLY DEFERRED;


--
-- Name: auth_permission auth_permission_content_type_id_2f476e4b_fk_django_co; Type: FK CONSTRAINT; Schema: public; Owner: hotel_admin
--

ALTER TABLE ONLY public.auth_permission
    ADD CONSTRAINT auth_permission_content_type_id_2f476e4b_fk_django_co FOREIGN KEY (content_type_id) REFERENCES public.django_content_type(id) DEFERRABLE INITIALLY DEFERRED;


--
-- Name: bills_bill bills_bill_customer_id_f06ca066_fk_bills_customer_id; Type: FK CONSTRAINT; Schema: public; Owner: hotel_admin
--

ALTER TABLE ONLY public.bills_bill
    ADD CONSTRAINT bills_bill_customer_id_f06ca066_fk_bills_customer_id FOREIGN KEY (customer_id) REFERENCES public.bills_customer(id) DEFERRABLE INITIALLY DEFERRED;


--
-- Name: bills_bill_food_items bills_bill_food_items_bill_id_7eab9494_fk_bills_bill_id; Type: FK CONSTRAINT; Schema: public; Owner: hotel_admin
--

ALTER TABLE ONLY public.bills_bill_food_items
    ADD CONSTRAINT bills_bill_food_items_bill_id_7eab9494_fk_bills_bill_id FOREIGN KEY (bill_id) REFERENCES public.bills_bill(id) DEFERRABLE INITIALLY DEFERRED;


--
-- Name: bills_bill bills_bill_user_id_5657e1ab_fk_users_customuser_id; Type: FK CONSTRAINT; Schema: public; Owner: hotel_admin
--

ALTER TABLE ONLY public.bills_bill
    ADD CONSTRAINT bills_bill_user_id_5657e1ab_fk_users_customuser_id FOREIGN KEY (user_id) REFERENCES public.users_customuser(id) DEFERRABLE INITIALLY DEFERRED;


--
-- Name: core_customuser_groups core_customuser_grou_customuser_id_976bc4d7_fk_core_cust; Type: FK CONSTRAINT; Schema: public; Owner: hotel_admin
--

ALTER TABLE ONLY public.core_customuser_groups
    ADD CONSTRAINT core_customuser_grou_customuser_id_976bc4d7_fk_core_cust FOREIGN KEY (customuser_id) REFERENCES public.core_customuser(id) DEFERRABLE INITIALLY DEFERRED;


--
-- Name: core_customuser_user_permissions core_customuser_user_customuser_id_ebd2ce6c_fk_core_cust; Type: FK CONSTRAINT; Schema: public; Owner: hotel_admin
--

ALTER TABLE ONLY public.core_customuser_user_permissions
    ADD CONSTRAINT core_customuser_user_customuser_id_ebd2ce6c_fk_core_cust FOREIGN KEY (customuser_id) REFERENCES public.core_customuser(id) DEFERRABLE INITIALLY DEFERRED;


--
-- Name: django_admin_log django_admin_log_content_type_id_c4bce8eb_fk_django_co; Type: FK CONSTRAINT; Schema: public; Owner: hotel_admin
--

ALTER TABLE ONLY public.django_admin_log
    ADD CONSTRAINT django_admin_log_content_type_id_c4bce8eb_fk_django_co FOREIGN KEY (content_type_id) REFERENCES public.django_content_type(id) DEFERRABLE INITIALLY DEFERRED;


--
-- Name: django_admin_log django_admin_log_user_id_c564eba6_fk_users_customuser_id; Type: FK CONSTRAINT; Schema: public; Owner: hotel_admin
--

ALTER TABLE ONLY public.django_admin_log
    ADD CONSTRAINT django_admin_log_user_id_c564eba6_fk_users_customuser_id FOREIGN KEY (user_id) REFERENCES public.users_customuser(id) DEFERRABLE INITIALLY DEFERRED;


--
-- Name: menu_menuitem menu_menuitem_category_id_af353a3b_fk_menu_menucategory_id; Type: FK CONSTRAINT; Schema: public; Owner: hotel_admin
--

ALTER TABLE ONLY public.menu_menuitem
    ADD CONSTRAINT menu_menuitem_category_id_af353a3b_fk_menu_menucategory_id FOREIGN KEY (category_id) REFERENCES public.menu_menucategory(id) DEFERRABLE INITIALLY DEFERRED;


--
-- Name: users_customuser_groups users_customuser_gro_customuser_id_958147bf_fk_users_cus; Type: FK CONSTRAINT; Schema: public; Owner: hotel_admin
--

ALTER TABLE ONLY public.users_customuser_groups
    ADD CONSTRAINT users_customuser_gro_customuser_id_958147bf_fk_users_cus FOREIGN KEY (customuser_id) REFERENCES public.users_customuser(id) DEFERRABLE INITIALLY DEFERRED;


--
-- Name: users_customuser_groups users_customuser_groups_group_id_01390b14_fk_auth_group_id; Type: FK CONSTRAINT; Schema: public; Owner: hotel_admin
--

ALTER TABLE ONLY public.users_customuser_groups
    ADD CONSTRAINT users_customuser_groups_group_id_01390b14_fk_auth_group_id FOREIGN KEY (group_id) REFERENCES public.auth_group(id) DEFERRABLE INITIALLY DEFERRED;


--
-- Name: users_customuser_user_permissions users_customuser_use_customuser_id_5771478b_fk_users_cus; Type: FK CONSTRAINT; Schema: public; Owner: hotel_admin
--

ALTER TABLE ONLY public.users_customuser_user_permissions
    ADD CONSTRAINT users_customuser_use_customuser_id_5771478b_fk_users_cus FOREIGN KEY (customuser_id) REFERENCES public.users_customuser(id) DEFERRABLE INITIALLY DEFERRED;


--
-- Name: users_customuser_user_permissions users_customuser_use_permission_id_baaa2f74_fk_auth_perm; Type: FK CONSTRAINT; Schema: public; Owner: hotel_admin
--

ALTER TABLE ONLY public.users_customuser_user_permissions
    ADD CONSTRAINT users_customuser_use_permission_id_baaa2f74_fk_auth_perm FOREIGN KEY (permission_id) REFERENCES public.auth_permission(id) DEFERRABLE INITIALLY DEFERRED;


--
-- PostgreSQL database dump complete
--

